{
  "homography": [
    [
      -3.689752530311367e-18,
      2.1114305706024733e-17,
      -6.82883141961952e-15
    ],
    [
      0.020114849928166076,
      -0.02610493391412729,
      -4.868311344195228
    ],
    [
      0.0011449497493338512,
      -0.0036108796070202925,
      1.0
    ]
  ],
  "markers": {
    "red": {
      "x": 316,
      "y": 57
    },
    "blue": {
      "x": 1022,
      "y": 601
    },
    "green": {
      "x": 335,
      "y": 673
    },
    "purple": {
      "x": 1022,
      "y": 601
    }
  },
  "grid_config": {
    "rows": 4,
    "cols": 4,
    "cell_size_cm": 5
  },
  "marker_positions": {
    "red": {
      "row": 0,
      "col": 0
    },
    "blue": {
      "row": 0,
      "col": 3
    },
    "purple": {
      "row": 3,
      "col": 3
    },
    "green": {
      "row": 3,
      "col": 0
    }
  },
  "timestamp": 1774723795.4553604,
  "calibration_method": "smart_marker_based"
}